{
	"admin/modem": {
		"title": "Modem",
		"order": 45,
		"action": {
			"type": "firstchild",
			"recurse": true
		}
	},

	"admin/modem/main": {
		"title": "Modeminfo",
		"order": 10,
		"action": {
			"type": "alias",
			"path": "admin/modem/main/main"
		},
		"depends": {
			"acl": [ "luci-app-modeminfo" ],
			"uci": { "modeminfo": true }
		}
	},

	"admin/modem/main/main": {
		"title": "Network",
		"order": 51,
		"action": {
			"type": "view",
			"path": "modem/main"
		}
	},
	
	"admin/modem/main/hw": {
		"title": "Hardware",
		"order": 52,
		"action": {
			"type": "view",
			"path": "modem/hw"
		}
	},
	
	"admin/modem/main/config": {
		"title": "Setup",
		"order": 53,
		"action": {
			"type": "view",
			"path": "modem/setup"
		}
	}
}
