{
	"admin/modem": {
		"title": "Modem",
		"order": 45,
		"action": {
			"type": "firstchild",
			"recurse": true
		}
	},
	
	"admin/modem/atinout": {
		"title": "AT Commands",
		"order": 41,
		"action": {
			"type": "alias",
			"path": "admin/modem/atinout/atcommands"
		},
		"depends": {
			"acl": [ "luci-app-atinout" ],
			"uci": { "atinout": true }
		}
	},
	
	"admin/modem/atinout/atcommands": {
		"title": "AT Commands",
		"order": 41,
		"action": {
			"type": "view",
			"path": "modem/atcommands"
		}
	},

	"admin/modem/atinout/atconfig": {
		"title": "Configuration",
		"order": 42,
		"action": {
			"type": "view",
			"path": "modem/atconfig"
		}
	}

}
